INSERT INTO AUTH_ADDRESS_RESTRICT (ID,PATTERN,TYPE) VALUES ('100200303248003c0132480045de000a','.*',1)
INSERT INTO AUTH_ADDRESS_RESTRICT (ID,PATTERN,TYPE) VALUES ('100200303248003c0132480045de000b','.*',2)
INSERT INTO AUTH_PERM (ID,DESC_NAME,NAME,CATE_ID,REF_ID) VALUES ('4028819f2f2a14f4012f2a1a017e0002','添加','C','4028819f2f2a14f4012f2a1909fe0001',NULL)
INSERT INTO AUTH_PERM (ID,DESC_NAME,NAME,CATE_ID,REF_ID) VALUES ('4028819f2f2a14f4012f2a1a32520003','删除','D','4028819f2f2a14f4012f2a1909fe0001',NULL)
INSERT INTO AUTH_PERM (ID,DESC_NAME,NAME,CATE_ID,REF_ID) VALUES ('4028819f2f2a14f4012f2a1a554b0004','修改','M','4028819f2f2a14f4012f2a1909fe0001',NULL)
INSERT INTO AUTH_PERM (ID,DESC_NAME,NAME,CATE_ID,REF_ID) VALUES ('4028819f2f2a14f4012f2a1a8beb0005','浏览','R','4028819f2f2a14f4012f2a1909fe0001',NULL)
INSERT INTO AUTH_PERM (ID,DESC_NAME,NAME,CATE_ID,REF_ID) VALUES ('4028819f2f4e3006012f4e3f13cf0001','同步','S','4028819f2f2a14f4012f2a1909fe0001',NULL)
INSERT INTO AUTH_PERM (ID,DESC_NAME,NAME,CATE_ID,REF_ID) VALUES ('4028819f2f4e3006012f4e51c7f40004','导入','IMP','4028819f2f2a14f4012f2a1909fe0001',NULL)
INSERT INTO AUTH_PERM (ID,DESC_NAME,NAME,CATE_ID,REF_ID) VALUES ('4028819f2f4e3006012f4e5200c70005','导出','EXP','4028819f2f2a14f4012f2a1909fe0001',NULL)
INSERT INTO AUTH_PERM (ID,DESC_NAME,NAME,CATE_ID,REF_ID) VALUES ('4028819f2f4e3006012f4e526ec30006','审核','AUD','4028819f2f2a14f4012f2a1909fe0001',NULL)
INSERT INTO AUTH_PERM (ID,DESC_NAME,NAME,CATE_ID,REF_ID) VALUES ('4028819f324c0a0801324cae0de40006','所有维度','ALLDIM','4028829f2f63913f012f63c43db10001',NULL)
INSERT INTO AUTH_PERM_CATE (ID,DESC_NAME,NAME,PARENT_ID,BH,TYPE) VALUES ('4028819f2f293805012f293e7eab0001','知识管理','kb',NULL,'1008',0)
INSERT INTO AUTH_PERM_CATE (ID,DESC_NAME,NAME,PARENT_ID,BH,TYPE) VALUES ('4028819f2f293805012f294a026c0002','知识库管理','obj','4028819f2f293805012f293e7eab0001','1008.1002',0)
INSERT INTO AUTH_PERM_CATE (ID,DESC_NAME,NAME,PARENT_ID,BH,TYPE) VALUES ('4028819f2f293805012f295599760004','本体类管理','cls','4028819f2f293805012f293e7eab0001','1008.1000L',0)
INSERT INTO AUTH_PERM_CATE (ID,DESC_NAME,NAME,PARENT_ID,BH,TYPE) VALUES ('4028819f2f293805012f2955d5c40005','词类管理','word','4028819f2f293805012f293e7eab0001','1008.1004L',0)
INSERT INTO AUTH_PERM_CATE (ID,DESC_NAME,NAME,PARENT_ID,BH,TYPE) VALUES ('4028819f2f293805012f2956469e0006','辅助功能管理','misc','4028819f2f293805012f293e7eab0001','1008.1001',0)
INSERT INTO AUTH_PERM_CATE (ID,DESC_NAME,NAME,PARENT_ID,BH,TYPE) VALUES ('4028819f2f2a14f4012f2a1909fe0001','默认权限','DEF',NULL,'1000L',1)
INSERT INTO AUTH_PERM_CATE (ID,DESC_NAME,NAME,PARENT_ID,BH,TYPE) VALUES ('4028819f2f3852cf012f38f1dbf10060','权限管理','op','4028829f2f251760012f252c48550002','1001.1000L',0)
INSERT INTO AUTH_PERM_CATE (ID,DESC_NAME,NAME,PARENT_ID,BH,TYPE) VALUES ('4028819f2f3852cf012f38f270320061','用户管理','usr','4028829f2f251760012f252c48550002','1001.1006L',0)
INSERT INTO AUTH_PERM_CATE (ID,DESC_NAME,NAME,PARENT_ID,BH,TYPE) VALUES ('4028819f2f3852cf012f38f2c69f0062','角色管理','role','4028829f2f251760012f252c48550002','1001.1003L',0)
INSERT INTO AUTH_PERM_CATE (ID,DESC_NAME,NAME,PARENT_ID,BH,TYPE) VALUES ('4028819f2f3852cf012f38f58fe10063','资源管理','perm','4028829f2f251760012f252c48550002','1001.1001L',0)
INSERT INTO AUTH_PERM_CATE (ID,DESC_NAME,NAME,PARENT_ID,BH,TYPE) VALUES ('4028819f2f39109a012f392e42490003','AI虚拟终端','aiconsole','4028819f2f293805012f2956469e0006','1008.1001.1000L',0)
INSERT INTO AUTH_PERM_CATE (ID,DESC_NAME,NAME,PARENT_ID,BH,TYPE) VALUES ('4028819f2f39109a012f392e89540004','上下文反问','ctx','4028819f2f293805012f2956469e0006','1008.1001.1004',0)
INSERT INTO AUTH_PERM_CATE (ID,DESC_NAME,NAME,PARENT_ID,BH,TYPE) VALUES ('4028819f2f39109a012f3930a7fe0006','规则管理','rule','4028819f2f39109a012f392e89540004','1008.1001.1004.1001L',0)
INSERT INTO AUTH_PERM_CATE (ID,DESC_NAME,NAME,PARENT_ID,BH,TYPE) VALUES ('4028819f2f39109a012f3930c6f00007','节点管理','node','4028819f2f39109a012f392e89540004','1008.1001.1004.1000L',0)
INSERT INTO AUTH_PERM_CATE (ID,DESC_NAME,NAME,PARENT_ID,BH,TYPE) VALUES ('4028819f2f39109a012f39324a150008','指令管理','ins','4028819f2f293805012f2956469e0006','1008.1001.1006L',0)
INSERT INTO AUTH_PERM_CATE (ID,DESC_NAME,NAME,PARENT_ID,BH,TYPE) VALUES ('4028819f2f39109a012f39328cac0009','维度管理','dim','4028819f2f293805012f2956469e0006','1008.1001.1005L',0)
INSERT INTO AUTH_PERM_CATE (ID,DESC_NAME,NAME,PARENT_ID,BH,TYPE) VALUES ('4028819f2f39109a012f3932ddba000a','停词管理','stopword','4028819f2f293805012f2956469e0006','1008.1001.1009L',0)
INSERT INTO AUTH_PERM_CATE (ID,DESC_NAME,NAME,PARENT_ID,BH,TYPE) VALUES ('4028819f2f39109a012f3933a6b7000b','前后缀管理','presuffix','4028819f2f293805012f2956469e0006','1008.1001.1008L',0)
INSERT INTO AUTH_PERM_CATE (ID,DESC_NAME,NAME,PARENT_ID,BH,TYPE) VALUES ('4028819f2f39109a012f3934daa3000c','模块管理','module','4028819f2f293805012f2956469e0006','1008.1001.1007L',0)
INSERT INTO AUTH_PERM_CATE (ID,DESC_NAME,NAME,PARENT_ID,BH,TYPE) VALUES ('4028819f2f39960e012f399a85ad0001','渠道管理','bot',NULL,'1002',0)
INSERT INTO AUTH_PERM_CATE (ID,DESC_NAME,NAME,PARENT_ID,BH,TYPE) VALUES ('4028819f2f39960e012f399b8b270002','运维管理','om',NULL,'1010',0)
INSERT INTO AUTH_PERM_CATE (ID,DESC_NAME,NAME,PARENT_ID,BH,TYPE) VALUES ('4028819f2f39960e012f399bade10003','服务管理','mkt',NULL,'1009',0)
INSERT INTO AUTH_PERM_CATE (ID,DESC_NAME,NAME,PARENT_ID,BH,TYPE) VALUES ('4028819f2f430f26012f435b833b0001','统计报表','stat','4028819f2f293805012f293e7eab0001','1008.1003L',0)
INSERT INTO AUTH_PERM_CATE (ID,DESC_NAME,NAME,PARENT_ID,BH,TYPE) VALUES ('4028819f2f4e3006012f4e50fdaf0003','实例管理','instance','4028819f2f293805012f294a026c0002','1008.1002.1002L',0)
INSERT INTO AUTH_PERM_CATE (ID,DESC_NAME,NAME,PARENT_ID,BH,TYPE) VALUES ('4028819f2f51c804012f51d105b70001','逻辑分类管理','catecontent','4028819f2f293805012f294a026c0002','1008.1002.1000',0)
INSERT INTO AUTH_PERM_CATE (ID,DESC_NAME,NAME,PARENT_ID,BH,TYPE) VALUES ('4028819f2fb4f6b8012fb5275fc3000b','知识点分类根节点','0','4028819f2f51c804012f51d105b70001','1008.1002.1000.1000L',0)
INSERT INTO AUTH_PERM_CATE (ID,DESC_NAME,NAME,PARENT_ID,BH,TYPE) VALUES ('4028819f3eef1ba9013eef1bb5fd0002','基本对话','4028819f3eef1ba9013eef1bb53d0001','4028819f2f51c804012f51d105b70001','1008.1002.1000.1001L',0)
INSERT INTO AUTH_PERM_CATE (ID,DESC_NAME,NAME,PARENT_ID,BH,TYPE) VALUES ('4028819f3eef1ba9013eef1bb6410004','专业知识点','4028819f3eef1ba9013eef1bb6180003','4028819f2f51c804012f51d105b70001','1008.1002.1000.1002L',0)
INSERT INTO AUTH_PERM_CATE (ID,DESC_NAME,NAME,PARENT_ID,BH,TYPE) VALUES ('4028819f3eef1ba9013eef1bb6870006','公用对话','4028819f3eef1ba9013eef1bb6550005','4028819f2f51c804012f51d105b70001','1008.1002.1000.1003L',0)
INSERT INTO AUTH_PERM_CATE (ID,DESC_NAME,NAME,PARENT_ID,BH,TYPE) VALUES ('4028819f3eef1ba9013eef1bb6cf0008','公用知识点','4028819f3eef1ba9013eef1bb69e0007','4028819f2f51c804012f51d105b70001','1008.1002.1000.1004L',0)
INSERT INTO AUTH_PERM_CATE (ID,DESC_NAME,NAME,PARENT_ID,BH,TYPE) VALUES ('4028819f3f5a5c32013f5b0d94ee0001','应用管理','c_app',NULL,'1003L',0)
INSERT INTO AUTH_PERM_CATE (ID,DESC_NAME,NAME,PARENT_ID,BH,TYPE) VALUES ('4028819f3f5a5c32013f5b0e19020002','预设配置管理','c_preset',NULL,'1007L',0)
INSERT INTO AUTH_PERM_CATE (ID,DESC_NAME,NAME,PARENT_ID,BH,TYPE) VALUES ('4028819f3f5a5c32013f5b0e96440003','公共库管理','c_common',NULL,'1005L',0)
INSERT INTO AUTH_PERM_CATE (ID,DESC_NAME,NAME,PARENT_ID,BH,TYPE) VALUES ('4028819f3f5a5c32013f5b0f23f10004','应用监控','c_monitor',NULL,'1006L',0)
INSERT INTO AUTH_PERM_CATE (ID,DESC_NAME,NAME,PARENT_ID,BH,TYPE) VALUES ('402881ab334896b801334898ffe60005','会话日志明细','sess','402881dc2f708729012f70b62d100001','1010.1001.1006L',0)
INSERT INTO AUTH_PERM_CATE (ID,DESC_NAME,NAME,PARENT_ID,BH,TYPE) VALUES ('402881ab334896b80133489dba590006','自动问答明细','ask','402881dc2f708729012f70b62d100001','1010.1001.1001L',0)
INSERT INTO AUTH_PERM_CATE (ID,DESC_NAME,NAME,PARENT_ID,BH,TYPE) VALUES ('402881ab334896b80133489e4b3f0007','人工客服明细','acs','402881dc2f708729012f70b62d100001','1010.1001.1000L',0)
INSERT INTO AUTH_PERM_CATE (ID,DESC_NAME,NAME,PARENT_ID,BH,TYPE) VALUES ('402881ab334896b80133489ea6cc0008','操作日志明细','op','402881dc2f708729012f70b62d100001','1010.1001.1005L',0)
INSERT INTO AUTH_PERM_CATE (ID,DESC_NAME,NAME,PARENT_ID,BH,TYPE) VALUES ('402881ab334896b80133489fc1060009','用户留言明细','lw','402881dc2f708729012f70b62d100001','1010.1001.1003L',0)
INSERT INTO AUTH_PERM_CATE (ID,DESC_NAME,NAME,PARENT_ID,BH,TYPE) VALUES ('402881ab334896b80133489ff2f3000a','征名活动明细','nc','402881dc2f708729012f70b62d100001','1010.1001.1004L',0)
INSERT INTO AUTH_PERM_CATE (ID,DESC_NAME,NAME,PARENT_ID,BH,TYPE) VALUES ('402881ab334896b8013348a3d3cf000b','访问数据统计(时间)','tv','402881dc2f71f43a012f71f708680001','1010.1002.1005L',0)
INSERT INTO AUTH_PERM_CATE (ID,DESC_NAME,NAME,PARENT_ID,BH,TYPE) VALUES ('402881ab334896b8013348a4a306000c','访问数据统计(维度)','dv','402881dc2f71f43a012f71f708680001','1010.1002.1000L',0)
INSERT INTO AUTH_PERM_CATE (ID,DESC_NAME,NAME,PARENT_ID,BH,TYPE) VALUES ('402881ab334896b8013348a52bdd000d','知识点调查统计','ki','402881dc2f71f43a012f71f708680001','1010.1002.1001L',0)
INSERT INTO AUTH_PERM_CATE (ID,DESC_NAME,NAME,PARENT_ID,BH,TYPE) VALUES ('402881ab334896b8013348a576b2000e','满意度调查统计','si','402881dc2f71f43a012f71f708680001','1010.1002.1003L',0)
INSERT INTO AUTH_PERM_CATE (ID,DESC_NAME,NAME,PARENT_ID,BH,TYPE) VALUES ('402881ab334896b8013348a6905f000f','知识点排名统计','kr','402881dc2f71f43a012f71f708680001','1010.1002.1002L',0)
INSERT INTO AUTH_PERM_CATE (ID,DESC_NAME,NAME,PARENT_ID,BH,TYPE) VALUES ('402881ab334896b8013348a886910010','未匹配问题统计','uq','402881dc2f71f43a012f71f708680001','1010.1002.1006L',0)
INSERT INTO AUTH_PERM_CATE (ID,DESC_NAME,NAME,PARENT_ID,BH,TYPE) VALUES ('402881ab334896b8013348b3d8750012','签名活动管理','sig','4028819f2f39960e012f399bade10003','1009.1007L',0)
INSERT INTO AUTH_PERM_CATE (ID,DESC_NAME,NAME,PARENT_ID,BH,TYPE) VALUES ('402881ab334896b8013348b416870013','调查投票管理','vote','4028819f2f39960e012f399bade10003','1009.1009L',0)
INSERT INTO AUTH_PERM_CATE (ID,DESC_NAME,NAME,PARENT_ID,BH,TYPE) VALUES ('402881ab334896b8013348b441120014','动态菜单管理','dm','4028819f2f39960e012f399bade10003','1009.1000L',0)
INSERT INTO AUTH_PERM_CATE (ID,DESC_NAME,NAME,PARENT_ID,BH,TYPE) VALUES ('402881ab334896b8013348b4e65b0016','消息推送管理','push','4028819f2f39960e012f399bade10003','1009.1005',0)
INSERT INTO AUTH_PERM_CATE (ID,DESC_NAME,NAME,PARENT_ID,BH,TYPE) VALUES ('402881ab334896b8013348b5299d0017','消息列表','list','402881ab334896b8013348b4e65b0016','1009.1005.1001L',0)
INSERT INTO AUTH_PERM_CATE (ID,DESC_NAME,NAME,PARENT_ID,BH,TYPE) VALUES ('402881ab334896b8013348b55dfc0018','推送历史','his','402881ab334896b8013348b4e65b0016','1009.1005.1000L',0)
INSERT INTO AUTH_PERM_CATE (ID,DESC_NAME,NAME,PARENT_ID,BH,TYPE) VALUES ('402881ab334896b8013348b584cd0019','热点问题管理','hq','4028819f2f39960e012f399bade10003','1009.1001',0)
INSERT INTO AUTH_PERM_CATE (ID,DESC_NAME,NAME,PARENT_ID,BH,TYPE) VALUES ('402881ab334896b8013348b5bcd5001a','定制热点问题','cus','402881ab334896b8013348b584cd0019','1009.1001.1001L',0)
INSERT INTO AUTH_PERM_CATE (ID,DESC_NAME,NAME,PARENT_ID,BH,TYPE) VALUES ('402881ab334896b8013348b5dfce001b','动态热点问题','auto','402881ab334896b8013348b584cd0019','1009.1001.1000L',0)
INSERT INTO AUTH_PERM_CATE (ID,DESC_NAME,NAME,PARENT_ID,BH,TYPE) VALUES ('402881ab334896b8013348b62d90001c','公告内容管理','ntc','4028819f2f39960e012f399bade10003','1009.1004L',0)
INSERT INTO AUTH_PERM_CATE (ID,DESC_NAME,NAME,PARENT_ID,BH,TYPE) VALUES ('402881ab33bf15490133bf1760ba0001','账号列表管理','acc','4028819f2f39960e012f399a85ad0001','1002.1000L',0)
INSERT INTO AUTH_PERM_CATE (ID,DESC_NAME,NAME,PARENT_ID,BH,TYPE) VALUES ('402881ab33bf15490133bf17ab020002','自定义表情管理','emot','4028819f2f39960e012f399a85ad0001','1002.1003L',0)
INSERT INTO AUTH_PERM_CATE (ID,DESC_NAME,NAME,PARENT_ID,BH,TYPE) VALUES ('402881ab33bf80530133bf81b1b50001','知识库跑错','chkw','4028819f2f293805012f2956469e0006','1008.1001.1002L',0)
INSERT INTO AUTH_PERM_CATE (ID,DESC_NAME,NAME,PARENT_ID,BH,TYPE) VALUES ('402881ab33bf80530133bf81e2c80002','基础词管理','bword','4028819f2f293805012f2956469e0006','1008.1001.1001L',0)
INSERT INTO AUTH_PERM_CATE (ID,DESC_NAME,NAME,PARENT_ID,BH,TYPE) VALUES ('402881ab33bf80530133bf8223f70003','通用聊天管理','commchat','4028819f2f293805012f2956469e0006','1008.1001.1003L',0)
INSERT INTO AUTH_PERM_CATE (ID,DESC_NAME,NAME,PARENT_ID,BH,TYPE) VALUES ('402881b53dfd3569013dfd3e1b3f0005','语音管理','rs',NULL,'1011',0)
INSERT INTO AUTH_PERM_CATE (ID,DESC_NAME,NAME,PARENT_ID,BH,TYPE) VALUES ('402881b53dfd3569013dfd5313590006','语音语料管理','sentence','402881b53dfd3569013dfd3e1b3f0005','1011.1002L',0)
INSERT INTO AUTH_PERM_CATE (ID,DESC_NAME,NAME,PARENT_ID,BH,TYPE) VALUES ('402881b53dfd3569013dfd5497880007','语音词类管理','word','402881b53dfd3569013dfd3e1b3f0005','1011.1003',0)
INSERT INTO AUTH_PERM_CATE (ID,DESC_NAME,NAME,PARENT_ID,BH,TYPE) VALUES ('402881b53dfd3569013dfd5686a60008','词典功能管理','dict','402881b53dfd3569013dfd3e1b3f0005','1011.1000',0)
INSERT INTO AUTH_PERM_CATE (ID,DESC_NAME,NAME,PARENT_ID,BH,TYPE) VALUES ('402881b53dfd3569013dfd5744970009','语音识别测试','reco','402881b53dfd3569013dfd3e1b3f0005','1011.1001',0)
INSERT INTO AUTH_PERM_CATE (ID,DESC_NAME,NAME,PARENT_ID,BH,TYPE) VALUES ('402881b53dfd3569013dfd59eb1f000a','语音词类','speech','402881b53dfd3569013dfd5497880007','1011.1003.1001L',0)
INSERT INTO AUTH_PERM_CATE (ID,DESC_NAME,NAME,PARENT_ID,BH,TYPE) VALUES ('402881b53dfd3569013dfd5a7c14000b','迷你词类','mini','402881b53dfd3569013dfd5497880007','1011.1003.1000L',0)
INSERT INTO AUTH_PERM_CATE (ID,DESC_NAME,NAME,PARENT_ID,BH,TYPE) VALUES ('402881b53dfd3569013dfd618b45000c','语音发音词典','pron','402881b53dfd3569013dfd5686a60008','1011.1000.1002L',0)
INSERT INTO AUTH_PERM_CATE (ID,DESC_NAME,NAME,PARENT_ID,BH,TYPE) VALUES ('402881b53dfd3569013dfd622c86000d','发音辅助工具','speech_assist','402881b53dfd3569013dfd5686a60008','1011.1000.1003L',0)
INSERT INTO AUTH_PERM_CATE (ID,DESC_NAME,NAME,PARENT_ID,BH,TYPE) VALUES ('402881b53dfd3569013dfd62863f000e','语音测试工具','speech_test','402881b53dfd3569013dfd5686a60008','1011.1000.1004L',0)
INSERT INTO AUTH_PERM_CATE (ID,DESC_NAME,NAME,PARENT_ID,BH,TYPE) VALUES ('402881b53dfd3569013dfd62cae9000f','常用英文缩写','eng_abb','402881b53dfd3569013dfd5686a60008','1011.1000.1000L',0)
INSERT INTO AUTH_PERM_CATE (ID,DESC_NAME,NAME,PARENT_ID,BH,TYPE) VALUES ('402881b53dfd3569013dfd6322ad0010','常用英文单词','eng_word','402881b53dfd3569013dfd5686a60008','1011.1000.1001L',0)
INSERT INTO AUTH_PERM_CATE (ID,DESC_NAME,NAME,PARENT_ID,BH,TYPE) VALUES ('402881b53dfd3569013dfd65290d0011','语音样例管理','sample','402881b53dfd3569013dfd5744970009','1011.1001.1000L',0)
INSERT INTO AUTH_PERM_CATE (ID,DESC_NAME,NAME,PARENT_ID,BH,TYPE) VALUES ('402881b53dfd3569013dfd658db20012','识别结果统计','stat','402881b53dfd3569013dfd5744970009','1011.1001.1001L',0)
INSERT INTO AUTH_PERM_CATE (ID,DESC_NAME,NAME,PARENT_ID,BH,TYPE) VALUES ('402881dc2f708729012f70b62d100001','日志管理','log','4028819f2f39960e012f399b8b270002','1010.1001',0)
INSERT INTO AUTH_PERM_CATE (ID,DESC_NAME,NAME,PARENT_ID,BH,TYPE) VALUES ('402881dc2f71f43a012f71f708680001','统计分析管理','stat','4028819f2f39960e012f399b8b270002','1010.1002',0)
INSERT INTO AUTH_PERM_CATE (ID,DESC_NAME,NAME,PARENT_ID,BH,TYPE) VALUES ('4028829f2f251760012f252c48550002','系统管理','auth',NULL,'1001',0)
INSERT INTO AUTH_PERM_CATE (ID,DESC_NAME,NAME,PARENT_ID,BH,TYPE) VALUES ('4028829f2f63913f012f63c43db10001','实例维度管理','dim','4028819f2f293805012f294a026c0002','1008.1002.1001L',0)
INSERT INTO AUTH_PERM_CATE (ID,DESC_NAME,NAME,PARENT_ID,BH,TYPE) VALUES ('ff8080813e118854013e118cdc4d0016','服务参数配置','msgr','4028819f2f39960e012f399bade10003','1009.1003L',0)
INSERT INTO AUTH_PERM_CATE (ID,DESC_NAME,NAME,PARENT_ID,BH,TYPE) VALUES ('ff8080813e118854013e118d7fb60017','对话预处理','sdlg','4028819f2f39960e012f399bade10003','1009.1006L',0)
INSERT INTO AUTH_PERM_CATE (ID,DESC_NAME,NAME,PARENT_ID,BH,TYPE) VALUES ('ff8080813e118854013e118e31170018','形象套装设置','adv','4028819f2f39960e012f399a85ad0001','1002.1001L',0)
INSERT INTO AUTH_PERM_CATE (ID,DESC_NAME,NAME,PARENT_ID,BH,TYPE) VALUES ('ff8080813e118854013e118eb0a40019','web模板管理','tpl','4028819f2f39960e012f399a85ad0001','1002.1005L',0)
INSERT INTO AUTH_PERM_CATE (ID,DESC_NAME,NAME,PARENT_ID,BH,TYPE) VALUES ('ff8080813e118854013e118f4ff8001a','黑名单管理','blst','4028819f2f39960e012f399a85ad0001','1002.1002L',0)
INSERT INTO AUTH_PERM_CATE (ID,DESC_NAME,NAME,PARENT_ID,BH,TYPE) VALUES ('ff8080813e118854013e118f4ff8001b','平台扩展接口','sdlg','4028819f2f39960e012f399a85ad0001','1002.1004L',0)
INSERT INTO AUTH_PERM_CATE (ID,DESC_NAME,NAME,PARENT_ID,BH,TYPE) VALUES ('ff8080813e118854013e119020e4001b','系统参数管理','sysp','4028829f2f251760012f252c48550002','1001.1005L',0)
INSERT INTO AUTH_PERM_CATE (ID,DESC_NAME,NAME,PARENT_ID,BH,TYPE) VALUES ('ff8080813e118854013e1190605f001c','接口权限管理','rapi','4028829f2f251760012f252c48550002','1001.1002L',0)
INSERT INTO AUTH_PERM_CATE (ID,DESC_NAME,NAME,PARENT_ID,BH,TYPE) VALUES ('ff8080813e118854013e11908411001d','系统监控管理','sysinfo','4028829f2f251760012f252c48550002','1001.1004L',0)
INSERT INTO AUTH_PERM_CATE (ID,DESC_NAME,NAME,PARENT_ID,BH,TYPE) VALUES ('ff8080813e118854013e119129c2001e','特殊欢迎语配置','welr','4028819f2f39960e012f399bade10003','1009.1010L',0)
INSERT INTO AUTH_PERM_CATE (ID,DESC_NAME,NAME,PARENT_ID,BH,TYPE) VALUES ('ff8080813e118854013e119169b6001f','二次开发管理','lib','4028819f2f39960e012f399bade10003','1009.1002L',0)
INSERT INTO AUTH_PERM_CATE (ID,DESC_NAME,NAME,PARENT_ID,BH,TYPE) VALUES ('ff8080813e118854013e119292540020','系统服务管理','svc','4028819f2f39960e012f399bade10003','1009.1008L',0)
INSERT INTO AUTH_PERM_CATE (ID,DESC_NAME,NAME,PARENT_ID,BH,TYPE) VALUES ('ff8080813e118854013e11935e3c0021','服务日志明细','svc','402881dc2f708729012f70b62d100001','1010.1001.1007L',0)
INSERT INTO AUTH_PERM_CATE (ID,DESC_NAME,NAME,PARENT_ID,BH,TYPE) VALUES ('ff8080813e118854013e1193b5190022','未解决问答明细','fv','402881dc2f708729012f70b62d100001','1010.1001.1002L',0)
INSERT INTO AUTH_PERM_CATE (ID,DESC_NAME,NAME,PARENT_ID,BH,TYPE) VALUES ('ff8080813e118854013e1193ff020023','服务日志统计','svc','402881dc2f71f43a012f71f708680001','1010.1002.1004L',0)
INSERT INTO AUTH_PERM_CATE (ID,DESC_NAME,NAME,PARENT_ID,BH,TYPE) VALUES ('ff8080813e118854013e11be33a40024','其他运维管理','custom','4028819f2f39960e012f399b8b270002','1010.1000L',0)
INSERT INTO AUTH_PERM_CATE_TO_PERM (CATE_ID,PERM_ID) VALUES ('4028819f2f4e3006012f4e50fdaf0003','4028819f2f4e3006012f4e3f13cf0001')
INSERT INTO AUTH_PERM_CATE_TO_PERM (CATE_ID,PERM_ID) VALUES ('4028819f2f4e3006012f4e50fdaf0003','4028819f2f2a14f4012f2a1a017e0002')
INSERT INTO AUTH_PERM_CATE_TO_PERM (CATE_ID,PERM_ID) VALUES ('4028819f2f4e3006012f4e50fdaf0003','4028819f2f2a14f4012f2a1a8beb0005')
INSERT INTO AUTH_PERM_CATE_TO_PERM (CATE_ID,PERM_ID) VALUES ('4028819f2f4e3006012f4e50fdaf0003','4028819f2f2a14f4012f2a1a554b0004')
INSERT INTO AUTH_PERM_CATE_TO_PERM (CATE_ID,PERM_ID) VALUES ('4028819f2f4e3006012f4e50fdaf0003','4028819f2f2a14f4012f2a1a32520003')
INSERT INTO AUTH_PERM_CATE_TO_PERM (CATE_ID,PERM_ID) VALUES ('4028819f2f4e3006012f4e50fdaf0003','4028819f2f4e3006012f4e526ec30006')
INSERT INTO AUTH_PERM_CATE_TO_PERM (CATE_ID,PERM_ID) VALUES ('4028819f2fb4f6b8012fb5275fc3000b','4028819f2f2a14f4012f2a1a32520003')
INSERT INTO AUTH_PERM_CATE_TO_PERM (CATE_ID,PERM_ID) VALUES ('4028819f2fb4f6b8012fb5275fc3000b','4028819f2f4e3006012f4e5200c70005')
INSERT INTO AUTH_PERM_CATE_TO_PERM (CATE_ID,PERM_ID) VALUES ('4028819f2fb4f6b8012fb5275fc3000b','4028819f2f2a14f4012f2a1a017e0002')
INSERT INTO AUTH_PERM_CATE_TO_PERM (CATE_ID,PERM_ID) VALUES ('4028819f2fb4f6b8012fb5275fc3000b','4028819f2f4e3006012f4e526ec30006')
INSERT INTO AUTH_PERM_CATE_TO_PERM (CATE_ID,PERM_ID) VALUES ('4028819f2fb4f6b8012fb5275fc3000b','4028819f2f4e3006012f4e51c7f40004')
INSERT INTO AUTH_PERM_CATE_TO_PERM (CATE_ID,PERM_ID) VALUES ('4028819f2fb4f6b8012fb5275fc3000b','4028819f2f4e3006012f4e3f13cf0001')
INSERT INTO AUTH_PERM_CATE_TO_PERM (CATE_ID,PERM_ID) VALUES ('4028819f2fb4f6b8012fb5275fc3000b','4028819f2f2a14f4012f2a1a8beb0005')
INSERT INTO AUTH_PERM_CATE_TO_PERM (CATE_ID,PERM_ID) VALUES ('4028819f2fb4f6b8012fb5275fc3000b','4028819f2f2a14f4012f2a1a554b0004')
INSERT INTO AUTH_PERM_CATE_TO_PERM (CATE_ID,PERM_ID) VALUES ('4028819f3eef1ba9013eef1bb5fd0002','4028819f2f4e3006012f4e51c7f40004')
INSERT INTO AUTH_PERM_CATE_TO_PERM (CATE_ID,PERM_ID) VALUES ('4028819f3eef1ba9013eef1bb5fd0002','4028819f2f2a14f4012f2a1a8beb0005')
INSERT INTO AUTH_PERM_CATE_TO_PERM (CATE_ID,PERM_ID) VALUES ('4028819f3eef1ba9013eef1bb5fd0002','4028819f2f4e3006012f4e5200c70005')
INSERT INTO AUTH_PERM_CATE_TO_PERM (CATE_ID,PERM_ID) VALUES ('4028819f3eef1ba9013eef1bb5fd0002','4028819f2f2a14f4012f2a1a017e0002')
INSERT INTO AUTH_PERM_CATE_TO_PERM (CATE_ID,PERM_ID) VALUES ('4028819f3eef1ba9013eef1bb5fd0002','4028819f2f4e3006012f4e526ec30006')
INSERT INTO AUTH_PERM_CATE_TO_PERM (CATE_ID,PERM_ID) VALUES ('4028819f3eef1ba9013eef1bb5fd0002','4028819f2f4e3006012f4e3f13cf0001')
INSERT INTO AUTH_PERM_CATE_TO_PERM (CATE_ID,PERM_ID) VALUES ('4028819f3eef1ba9013eef1bb5fd0002','4028819f2f2a14f4012f2a1a32520003')
INSERT INTO AUTH_PERM_CATE_TO_PERM (CATE_ID,PERM_ID) VALUES ('4028819f3eef1ba9013eef1bb5fd0002','4028819f2f2a14f4012f2a1a554b0004')
INSERT INTO AUTH_PERM_CATE_TO_PERM (CATE_ID,PERM_ID) VALUES ('4028819f3eef1ba9013eef1bb6410004','4028819f2f2a14f4012f2a1a017e0002')
INSERT INTO AUTH_PERM_CATE_TO_PERM (CATE_ID,PERM_ID) VALUES ('4028819f3eef1ba9013eef1bb6410004','4028819f2f2a14f4012f2a1a554b0004')
INSERT INTO AUTH_PERM_CATE_TO_PERM (CATE_ID,PERM_ID) VALUES ('4028819f3eef1ba9013eef1bb6410004','4028819f2f2a14f4012f2a1a8beb0005')
INSERT INTO AUTH_PERM_CATE_TO_PERM (CATE_ID,PERM_ID) VALUES ('4028819f3eef1ba9013eef1bb6410004','4028819f2f4e3006012f4e3f13cf0001')
INSERT INTO AUTH_PERM_CATE_TO_PERM (CATE_ID,PERM_ID) VALUES ('4028819f3eef1ba9013eef1bb6410004','4028819f2f4e3006012f4e51c7f40004')
INSERT INTO AUTH_PERM_CATE_TO_PERM (CATE_ID,PERM_ID) VALUES ('4028819f3eef1ba9013eef1bb6410004','4028819f2f4e3006012f4e526ec30006')
INSERT INTO AUTH_PERM_CATE_TO_PERM (CATE_ID,PERM_ID) VALUES ('4028819f3eef1ba9013eef1bb6410004','4028819f2f4e3006012f4e5200c70005')
INSERT INTO AUTH_PERM_CATE_TO_PERM (CATE_ID,PERM_ID) VALUES ('4028819f3eef1ba9013eef1bb6410004','4028819f2f2a14f4012f2a1a32520003')
INSERT INTO AUTH_PERM_CATE_TO_PERM (CATE_ID,PERM_ID) VALUES ('4028819f3eef1ba9013eef1bb6870006','4028819f2f4e3006012f4e526ec30006')
INSERT INTO AUTH_PERM_CATE_TO_PERM (CATE_ID,PERM_ID) VALUES ('4028819f3eef1ba9013eef1bb6870006','4028819f2f4e3006012f4e3f13cf0001')
INSERT INTO AUTH_PERM_CATE_TO_PERM (CATE_ID,PERM_ID) VALUES ('4028819f3eef1ba9013eef1bb6870006','4028819f2f2a14f4012f2a1a32520003')
INSERT INTO AUTH_PERM_CATE_TO_PERM (CATE_ID,PERM_ID) VALUES ('4028819f3eef1ba9013eef1bb6870006','4028819f2f4e3006012f4e51c7f40004')
INSERT INTO AUTH_PERM_CATE_TO_PERM (CATE_ID,PERM_ID) VALUES ('4028819f3eef1ba9013eef1bb6870006','4028819f2f4e3006012f4e5200c70005')
INSERT INTO AUTH_PERM_CATE_TO_PERM (CATE_ID,PERM_ID) VALUES ('4028819f3eef1ba9013eef1bb6870006','4028819f2f2a14f4012f2a1a554b0004')
INSERT INTO AUTH_PERM_CATE_TO_PERM (CATE_ID,PERM_ID) VALUES ('4028819f3eef1ba9013eef1bb6870006','4028819f2f2a14f4012f2a1a017e0002')
INSERT INTO AUTH_PERM_CATE_TO_PERM (CATE_ID,PERM_ID) VALUES ('4028819f3eef1ba9013eef1bb6870006','4028819f2f2a14f4012f2a1a8beb0005')
INSERT INTO AUTH_PERM_CATE_TO_PERM (CATE_ID,PERM_ID) VALUES ('4028819f3eef1ba9013eef1bb6cf0008','4028819f2f4e3006012f4e526ec30006')
INSERT INTO AUTH_PERM_CATE_TO_PERM (CATE_ID,PERM_ID) VALUES ('4028819f3eef1ba9013eef1bb6cf0008','4028819f2f4e3006012f4e5200c70005')
INSERT INTO AUTH_PERM_CATE_TO_PERM (CATE_ID,PERM_ID) VALUES ('4028819f3eef1ba9013eef1bb6cf0008','4028819f2f2a14f4012f2a1a8beb0005')
INSERT INTO AUTH_PERM_CATE_TO_PERM (CATE_ID,PERM_ID) VALUES ('4028819f3eef1ba9013eef1bb6cf0008','4028819f2f2a14f4012f2a1a554b0004')
INSERT INTO AUTH_PERM_CATE_TO_PERM (CATE_ID,PERM_ID) VALUES ('4028819f3eef1ba9013eef1bb6cf0008','4028819f2f4e3006012f4e3f13cf0001')
INSERT INTO AUTH_PERM_CATE_TO_PERM (CATE_ID,PERM_ID) VALUES ('4028819f3eef1ba9013eef1bb6cf0008','4028819f2f4e3006012f4e51c7f40004')
INSERT INTO AUTH_PERM_CATE_TO_PERM (CATE_ID,PERM_ID) VALUES ('4028819f3eef1ba9013eef1bb6cf0008','4028819f2f2a14f4012f2a1a017e0002')
INSERT INTO AUTH_PERM_CATE_TO_PERM (CATE_ID,PERM_ID) VALUES ('4028819f3eef1ba9013eef1bb6cf0008','4028819f2f2a14f4012f2a1a32520003')
INSERT INTO AUTH_ROLE (ID,NAME,DESC_CONTENT) VALUES ('4028819f2f0f9eed012f0feb1f80002d','管理员','管理员')
INSERT INTO AUTH_ROLE_PERM (ROLE_ID,PERM_ID,CATE_ID,ID) VALUES ('4028819f2f0f9eed012f0feb1f80002d',NULL,'4028829f2f251760012f252c48550002','ff808081400ad8cd01400f1e62b2001d')
INSERT INTO AUTH_ROLE_PERM (ROLE_ID,PERM_ID,CATE_ID,ID) VALUES ('4028819f2f0f9eed012f0feb1f80002d',NULL,'4028819f3f5a5c32013f5b0e19020002','ff808081400ad8cd01400f1e62b3001e')
INSERT INTO AUTH_ROLE_PERM (ROLE_ID,PERM_ID,CATE_ID,ID) VALUES ('4028819f2f0f9eed012f0feb1f80002d',NULL,'4028819f3f5a5c32013f5b0f23f10004','ff808081400ad8cd01400f1e62b4001f')
INSERT INTO AUTH_ROLE_PERM (ROLE_ID,PERM_ID,CATE_ID,ID) VALUES ('4028819f2f0f9eed012f0feb1f80002d',NULL,'4028819f3f5a5c32013f5b0d94ee0001','ff808081400ad8cd01400f1e62b50020')
INSERT INTO AUTH_ROLE_PERM (ROLE_ID,PERM_ID,CATE_ID,ID) VALUES ('4028819f2f0f9eed012f0feb1f80002d',NULL,'4028819f2f39960e012f399a85ad0001','ff808081400ad8cd01400f1e62b60021')
INSERT INTO AUTH_USER (ID,USERNAME,PASSWORD) VALUES ('4028819f2f44297c012f445105540001','admin','admin')
INSERT INTO AUTH_USER_ROLE (USER_ID,ROLE_ID) VALUES ('4028819f2f44297c012f445105540001','4028819f2f0f9eed012f0feb1f80002d')